total_playtime,number_of_users
0.1,141
0.2,276
0.3,229
0.3,2
0.4,225
0.5,193
0.6,183
0.6,6
0.7,175
0.8,4
0.8,157
0.9,3
0.9,99
1.0,135
1.1,1
1.1,103
1.2,106
1.2,1
1.3,2
1.3,91
1.4,92
1.4,3
1.5,85
1.6,4
1.6,82
1.7,91
1.7,5
1.8,2
1.8,70
1.9,70
1.9,5
2.0,57
2.1,2
2.1,57
2.2,1
2.2,65
2.3,51
2.3,1
2.4,53
2.4,2
2.5,59
2.6,1
2.6,47
2.7,2
2.7,43
2.8,52
2.8,2
2.9,41
2.9,2
3.0,52
3.1,4
3.1,39
3.2,40
3.3,27
3.3,3
3.4,34
3.4,1
3.5,29
3.6,3
3.6,32
3.7,4
3.7,34
3.8,35
3.8,4
3.9,32
3.9,2
4.0,33
4.1,22
4.1,1
4.2,29
4.3,28
4.4,1
4.4,28
4.5,25
4.6,23
4.6,1
4.7,1
4.7,32
4.8,25
4.9,1
4.9,20
5.0,26
5.1,31
5.1,2
5.2,2
5.2,22
5.3,19
5.3,1
5.4,1
5.4,23
5.5,26
5.6,18
5.6,6
5.7,1
5.7,27
5.8,15
5.9,1
5.9,16
6.0,25
6.1,23
6.1,1
6.2,2
6.2,21
6.3,18
6.4,15
6.5,15
6.6,21
6.7,2
6.7,15
6.8,14
6.9,3
6.9,21
7.0,25
7.1,13
7.1,1
7.2,1
7.2,14
7.3,19
7.3,2
7.4,16
7.5,22
7.6,19
7.6,1
7.7,1
7.7,25
7.8,14
7.8,2
7.9,4
7.9,7
8.0,17
8.1,16
8.2,17
8.2,1
8.3,22
8.4,1
8.4,20
8.5,26
8.6,15
8.7,18
8.7,2
8.8,1
8.8,14
8.9,15
9.0,14
9.1,10
9.2,15
9.2,1
9.3,19
9.4,10
9.5,15
9.6,9
9.6,2
9.7,12
9.7,2
9.8,1
9.8,13
9.9,10
10.0,10
10.1,17
10.2,9
10.2,1
10.3,1
10.3,5
10.4,10
10.5,16
10.6,13
10.7,18
10.8,2
10.8,13
10.9,2
10.9,8
11.0,7
11.1,11
11.2,6
11.2,2
11.3,2
11.3,9
11.4,6
11.5,12
11.6,13
11.6,1
11.7,5
11.7,2
11.8,15
11.9,6
12.0,11
12.1,15
12.1,1
12.2,12
12.2,3
12.3,14
12.4,12
12.5,10
12.6,10
12.7,9
12.7,1
12.8,3
12.8,10
12.9,9
13.0,15
13.1,8
13.2,9
13.3,1
13.3,5
13.4,12
13.5,13
13.6,6
13.6,3
13.7,3
13.7,1
13.8,7
13.9,1
13.9,13
14.0,9
14.1,11
14.1,2
14.2,14
14.2,1
14.3,7
14.4,1
14.4,7
14.5,8
14.6,9
14.6,1
14.7,7
14.7,1
14.8,1
14.8,8
14.9,1
14.9,8
15.0,10
15.1,7
15.1,2
15.2,9
15.3,7
15.4,2
15.4,13
15.5,9
15.6,7
15.6,1
15.7,6
15.7,1
15.8,3
15.8,10
15.9,5
16.0,10
16.1,11
16.2,9
16.3,8
16.4,7
16.5,13
16.6,6
16.7,6
16.7,1
16.8,7
16.9,10
16.9,1
17.0,10
17.1,1
17.1,7
17.2,6
17.3,9
17.4,10
17.5,5
17.6,2
17.6,11
17.7,8
17.8,2
17.8,11
17.9,4
17.9,1
18.0,8
18.1,1
18.1,7
18.2,3
18.2,2
18.3,12
18.4,9
18.5,5
18.6,1
18.6,3
18.7,7
18.7,1
18.8,11
18.9,6
19.0,6
19.1,9
19.2,7
19.3,7
19.4,4
19.5,3
19.6,1
19.6,7
19.7,8
19.8,5
19.9,6
19.9,1
20.0,31
20.1,1
20.2,4
20.3,1
20.4,5
20.5,3
20.6,2
20.7,3
20.8,2
20.9,1
21.0,35
21.1,1
21.1,1
21.2,4
21.4,1
21.5,3
21.6,2
21.7,2
21.8,4
21.9,1
22.0,37
22.1,2
22.2,2
22.3,1
22.3,2
22.4,3
22.5,3
22.6,3
22.7,2
22.7,1
22.8,1
22.9,1
23.0,29
23.1,4
23.2,3
23.3,1
23.4,2
23.5,4
23.6,1
23.7,3
23.7,1
23.8,4
23.9,1
23.9,1
24.0,32
24.1,1
24.2,3
24.2,1
24.3,1
24.3,1
24.4,3
24.5,2
24.6,2
24.7,1
24.7,1
24.8,2
24.9,1
25.0,24
25.1,1
25.1,4
25.4,2
25.4,1
25.5,2
25.6,2
25.6,3
25.7,4
25.8,1
25.8,2
25.9,1
26.0,19
26.1,2
26.2,2
26.3,1
26.3,3
26.4,6
26.5,2
26.6,2
26.7,4
26.7,1
26.8,1
26.9,4
27.0,21
27.1,1
27.1,3
27.2,2
27.3,1
27.4,5
27.5,1
27.6,2
27.7,2
27.9,1
28.0,39
28.1,1
28.2,1
28.3,4
28.4,3
28.5,3
28.7,3
28.8,2
28.9,3
29.0,25
29.1,3
29.2,4
29.3,5
29.4,2
29.4,1
29.5,1
29.8,5
29.9,3
29.9,1
30.0,22
30.2,3
30.3,1
30.4,1
30.5,3
30.6,1
30.7,1
30.7,1
30.8,2
30.9,1
31.0,21
31.1,5
31.2,2
31.3,1
31.4,2
31.5,1
31.6,2
31.6,1
31.7,1
31.8,3
31.9,1
32.0,26
32.1,2
32.2,1
32.3,1
32.4,2
32.5,3
32.6,1
32.7,2
32.8,1
32.9,1
33.0,19
33.1,2
33.2,3
33.3,3
33.4,3
33.5,2
33.6,4
33.7,1
33.8,4
33.9,2
34.0,18
34.2,3
34.3,1
34.4,1
34.5,3
34.6,1
34.8,1
34.9,1
35.0,24
35.2,5
35.3,2
35.4,1
35.5,1
35.6,3
35.7,2
35.8,1
35.9,3
36.0,23
36.1,1
36.2,1
36.3,2
36.4,1
36.5,4
36.6,2
36.7,3
37.0,24
37.1,1
37.3,3
37.4,3
37.5,1
37.6,4
37.7,1
37.8,3
37.9,3
38.0,23
38.1,4
38.2,2
38.3,1
38.5,1
38.7,1
38.7,1
38.8,1
38.9,4
39.0,21
39.3,1
39.4,1
39.5,3
39.6,3
39.7,6
39.8,2
40.0,18
40.1,2
40.2,1
40.4,1
40.5,1
40.8,1
40.8,1
40.9,1
41.0,21
41.1,2
41.2,2
41.3,2
41.4,1
41.5,1
41.7,3
41.8,1
41.9,1
42.0,21
42.1,1
42.2,1
42.3,2
42.4,1
42.5,3
42.6,1
42.7,3
42.8,3
42.8,1
42.9,2
43.0,16
43.1,1
43.2,2
43.3,4
43.5,3
43.7,1
43.7,2
43.8,4
43.9,2
44.0,9
44.1,1
44.2,4
44.4,2
44.6,3
44.7,1
44.7,2
44.8,2
45.0,16
45.1,2
45.2,1
45.3,1
45.3,1
45.6,1
45.7,1
46.0,17
46.1,4
46.2,2
46.3,4
46.5,2
46.6,1
46.7,1
46.8,1
46.8,1
46.9,3
47.0,13
47.2,1
47.3,2
47.4,3
47.5,2
47.7,1
47.8,1
48.0,13
48.1,1
48.3,4
48.4,1
48.6,3
48.9,3
49.0,14
49.1,3
49.2,1
49.3,2
49.4,1
49.5,1
49.7,1
49.7,1
49.9,1
50.0,16
50.1,3
50.3,1
50.5,4
50.7,4
50.8,2
51.0,9
51.1,1
51.2,3
51.4,1
51.5,1
51.6,1
51.7,1
52.0,14
52.1,1
52.4,1
52.5,1
52.6,2
52.7,2
52.8,1
52.9,3
53.0,7
53.1,1
53.2,2
53.5,3
53.6,3
53.7,2
53.8,1
54.0,14
54.1,3
54.2,4
54.3,1
54.4,2
54.5,3
54.6,3
54.7,1
54.8,2
54.9,1
55.0,13
55.1,1
55.2,1
55.3,1
55.3,1
55.4,2
55.5,2
55.6,1
55.7,1
56.0,15
56.1,3
56.2,2
56.5,1
56.8,3
57.0,9
57.2,1
57.3,1
57.4,2
57.5,1
57.7,3
57.8,1
58.0,4
58.1,2
58.2,1
58.3,1
58.5,1
58.6,1
58.8,2
58.9,1
59.0,7
59.1,1
59.2,3
59.3,1
59.4,2
59.5,3
59.7,2
59.8,2
59.9,2
60.0,9
60.2,1
60.3,2
61.0,13
61.1,3
61.2,1
61.3,1
61.7,3
62.0,13
62.1,1
62.3,3
62.4,1
62.6,1
62.7,3
62.8,2
62.9,1
63.0,9
63.1,1
63.2,1
63.4,3
63.5,1
63.6,2
63.8,2
63.9,1
64.0,13
64.1,1
64.2,5
64.6,2
64.9,1
65.0,7
65.1,1
65.2,1
65.3,3
65.4,1
65.5,1
65.6,2
65.7,1
66.0,12
66.2,3
66.3,1
66.6,1
66.7,1
66.9,3
67.0,9
67.1,1
67.2,2
67.3,1
67.4,1
67.5,1
67.6,1
68.0,10
68.2,1
68.4,2
68.5,2
68.6,2
69.0,8
69.1,2
69.2,1
69.3,1
69.4,1
69.5,1
69.6,1
69.7,1
69.8,1
69.9,1
70.0,8
70.2,1
70.3,1
70.5,1
70.7,1
71.0,8
71.1,1
71.2,2
71.4,1
71.8,2
72.0,4
72.1,1
72.1,1
72.2,1
72.3,1
72.4,1
72.5,2
73.0,10
73.1,1
73.2,1
73.3,1
73.4,1
73.5,1
73.7,1
73.8,1
73.9,1
74.0,8
74.1,1
74.2,1
74.4,1
74.5,2
74.7,1
74.9,1
75.0,11
75.1,1
75.2,1
75.3,1
75.4,1
75.7,1
75.8,2
76.0,11
76.1,2
76.2,3
76.3,3
76.5,2
76.6,1
76.7,3
76.8,2
76.9,1
77.0,9
77.1,1
77.2,1
77.3,1
77.4,1
77.5,1
77.6,2
77.8,1
77.9,3
78.0,9
78.2,1
78.3,2
78.4,1
78.7,1
78.8,1
79.0,10
79.2,1
79.3,2
79.5,2
79.8,2
80.0,10
80.2,2
80.3,1
80.6,1
80.7,1
80.8,1
80.9,1
80.9,1
81.0,3
81.6,1
81.7,1
81.9,1
82.0,5
82.1,1
82.4,1
82.5,1
82.6,1
82.7,1
83.0,5
83.1,1
83.4,1
83.5,4
83.6,1
83.8,2
84.0,4
84.1,1
84.5,2
84.6,2
84.7,2
84.8,1
85.0,6
85.5,2
85.7,1
85.8,1
85.9,1
86.0,8
86.1,1
86.3,2
86.5,1
86.6,1
86.7,1
86.8,1
86.9,1
87.0,9
87.1,2
87.6,1
87.8,2
88.0,10
88.1,1
88.3,1
88.4,1
88.5,1
88.6,1
88.7,1
88.8,3
88.9,1
89.0,10
89.2,1
89.4,1
89.5,1
89.6,1
89.7,2
89.8,1
89.9,1
90.0,7
90.1,1
90.2,2
90.3,2
90.4,1
90.5,1
91.0,9
91.2,2
91.4,1
91.7,1
91.8,1
92.0,10
92.2,2
92.3,1
92.5,1
92.6,2
92.7,1
92.8,2
92.9,5
93.0,3
93.2,1
93.3,1
93.4,1
93.6,1
93.7,1
93.8,2
94.0,5
94.4,1
94.5,1
94.7,1
94.9,2
95.0,4
95.1,1
95.3,1
95.6,3
96.0,3
96.5,1
96.6,1
96.8,1
97.0,4
97.2,1
97.3,1
97.4,1
97.8,1
97.9,1
98.0,3
98.1,2
98.3,1
98.9,1
99.0,4
99.2,1
99.4,1
99.5,2
99.7,1
99.8,1
99.9,1
100.0,6
100.2,1
100.4,3
100.5,1
100.9,3
101.0,4
101.1,1
101.2,1
101.3,1
101.5,1
101.6,2
102.0,4
102.1,1
102.7,1
102.8,1
103.0,4
103.4,2
103.5,1
103.8,1
104.0,10
104.2,2
104.3,1
104.6,1
104.8,1
105.0,3
105.1,1
105.3,1
105.5,1
105.6,2
105.7,1
105.8,1
106.0,3
106.1,1
106.2,1
106.4,1
106.5,1
106.8,1
106.9,3
107.0,14
107.1,1
107.2,1
107.3,1
107.7,2
108.0,7
108.1,1
108.3,1
108.4,2
108.6,1
108.9,1
109.0,3
109.2,2
109.4,1
109.4,1
109.6,2
109.7,1
110.0,12
110.2,2
110.4,1
110.5,1
110.7,2
110.9,1
111.0,2
111.4,2
111.7,1
111.8,1
111.9,1
112.0,3
112.2,1
112.7,1
113.0,7
113.4,1
113.8,1
114.0,3
114.4,2
114.5,3
114.7,2
114.8,1
115.0,3
115.1,2
115.3,1
115.5,1
115.6,2
115.9,1
116.0,7
116.1,2
116.3,2
116.5,1
116.6,1
116.7,2
117.0,2
117.2,1
117.4,1
117.6,1
118.0,5
118.2,2
118.3,1
118.5,1
118.9,1
119.0,4
119.1,1
119.2,2
119.3,1
119.4,2
119.6,2
119.8,1
120.0,5
120.8,1
120.9,1
121.0,1
121.1,1
121.3,1
121.6,2
121.7,1
122.0,3
122.1,2
122.2,1
122.3,1
122.5,1
122.7,1
123.0,6
123.2,2
124.0,4
124.1,1
124.8,1
124.9,1
125.0,5
125.2,1
125.4,1
125.5,1
125.6,1
125.7,1
125.8,1
126.0,5
126.1,1
126.2,1
126.4,1
126.5,3
126.6,1
126.9,1
127.0,8
127.5,1
128.0,6
128.3,1
128.5,3
128.6,3
128.7,1
129.0,1
129.1,2
129.2,1
129.3,1
129.9,1
130.0,7
130.2,3
130.3,1
130.5,3
131.0,3
131.4,1
131.8,1
132.0,2
132.8,1
132.9,1
133.0,5
133.1,2
133.4,2
133.5,2
133.8,1
134.0,1
134.2,2
134.4,1
134.6,1
134.8,1
135.0,2
135.2,1
135.4,1
135.5,1
135.6,1
135.7,1
135.8,3
136.0,6
136.2,1
136.4,1
136.9,1
137.0,2
137.2,1
137.5,1
138.0,4
138.7,1
139.0,2
139.2,1
139.3,1
139.7,1
139.8,1
140.0,3
140.3,1
140.5,1
140.8,1
140.9,1
141.0,7
141.1,1
141.2,1
141.5,1
141.7,1
141.9,1
142.0,5
142.7,1
143.0,6
143.2,1
143.4,2
143.6,3
144.0,3
144.1,1
144.4,1
144.8,1
144.9,2
145.0,2
145.3,1
145.4,1
145.6,1
145.7,1
146.0,2
146.1,1
146.9,1
147.0,3
147.3,2
147.5,1
148.0,6
148.4,1
148.7,1
148.8,1
149.0,5
149.1,2
149.4,1
149.5,1
149.6,1
150.0,5
150.1,1
150.3,1
150.4,1
150.5,1
150.6,1
150.8,1
151.0,3
151.2,3
151.7,1
152.0,2
152.1,1
152.3,2
152.5,2
153.0,6
153.1,3
153.2,1
153.8,4
154.0,9
154.3,1
154.7,1
155.0,5
155.1,1
155.3,1
155.4,1
155.6,1
155.7,1
155.8,1
156.0,1
156.4,1
156.8,1
156.9,1
157.0,3
157.1,1
157.7,2
157.8,1
158.0,3
158.2,2
158.5,2
158.7,1
159.0,4
159.2,1
159.3,2
159.4,1
159.7,1
159.8,2
159.9,1
160.0,1
160.2,1
160.6,1
160.8,1
160.9,1
161.0,2
161.3,1
161.4,1
161.6,1
162.0,6
162.1,1
162.7,1
163.0,2
163.2,1
163.8,1
163.9,1
164.0,6
164.2,2
165.0,2
165.8,2
165.9,1
166.7,1
167.0,2
167.1,1
167.3,2
167.4,1
168.4,2
168.5,1
168.6,2
168.8,1
168.9,1
169.0,1
169.2,1
169.3,1
169.4,1
169.5,1
169.6,1
170.0,4
170.3,1
170.4,1
170.5,2
170.6,2
170.8,1
171.0,3
171.3,1
171.7,1
172.0,2
172.3,1
173.0,4
173.5,1
173.7,1
173.8,1
174.0,2
174.5,1
174.6,1
174.8,1
175.0,3
175.3,1
175.4,1
175.9,1
176.0,2
176.2,1
176.5,1
177.0,2
177.6,1
177.7,1
178.0,4
178.2,1
179.0,3
179.3,1
179.4,1
179.6,1
179.9,1
180.0,3
180.3,1
180.7,2
180.8,1
181.0,4
181.4,1
181.5,1
181.6,1
182.0,2
182.1,1
182.3,1
182.8,1
183.0,3
183.9,2
184.0,2
184.2,1
184.5,2
184.6,1
184.9,1
185.0,1
185.5,2
185.8,1
185.9,1
186.3,1
186.4,2
186.5,1
186.7,1
187.0,3
187.3,1
188.0,2
188.1,1
188.2,1
188.3,1
188.4,1
188.6,1
188.8,2
189.0,1
189.9,1
190.0,5
190.2,1
190.5,1
190.6,1
190.8,1
191.0,3
192.0,3
192.2,1
192.3,1
192.6,2
192.7,1
192.9,1
193.0,6
193.2,1
193.2,1
193.4,1
193.8,1
194.0,3
194.1,1
194.4,1
194.5,1
195.0,4
195.3,1
195.4,1
195.5,1
195.6,2
196.0,1
196.1,1
196.3,1
197.0,2
197.4,1
197.7,1
198.0,2
198.1,1
198.4,1
198.9,1
199.0,3
200.0,2
200.2,1
201.0,4
201.4,1
201.5,1
201.8,2
201.9,2
202.0,6
202.2,1
202.7,1
202.8,1
203.0,1
203.1,1
203.2,2
203.6,1
203.7,3
204.0,1
204.1,1
204.2,2
205.1,1
205.3,1
205.7,1
206.0,5
206.2,2
206.4,1
206.7,1
207.0,2
207.5,1
207.6,1
208.0,3
208.3,1
208.4,1
208.9,1
209.0,5
210.0,4
210.3,1
210.5,1
211.0,3
211.4,1
211.6,1
211.8,1
212.0,3
212.2,1
212.5,1
212.6,1
212.8,2
212.9,1
213.0,2
213.1,1
213.2,1
213.3,1
213.4,1
213.8,1
214.0,2
214.5,1
215.0,1
215.2,1
215.7,1
216.0,4
216.3,1
216.5,2
216.6,1
216.7,1
217.1,2
217.6,1
217.9,2
219.0,1
219.3,1
219.5,1
219.7,1
219.8,1
220.0,2
220.1,1
220.3,1
220.6,2
221.1,2
221.5,1
221.7,1
221.9,1
222.0,2
222.3,1
222.4,1
222.7,2
223.0,2
223.1,1
223.2,2
223.6,2
223.8,1
223.9,1
224.0,1
224.6,1
224.7,1
225.0,2
225.4,2
225.5,1
225.9,1
226.0,3
226.4,1
226.6,1
226.8,1
227.0,2
227.2,1
227.3,1
227.5,1
227.6,2
228.2,1
228.5,1
229.0,2
229.8,1
230.0,2
230.1,1
230.2,1
231.0,4
231.6,1
231.7,2
232.0,2
232.5,2
233.0,1
233.2,2
234.0,2
234.2,1
234.4,2
234.5,1
234.7,1
235.0,1
235.1,1
235.4,1
236.0,3
236.2,2
236.5,3
236.6,1
237.0,3
237.1,2
237.4,3
237.6,1
238.3,1
239.0,2
239.4,1
239.6,1
240.0,7
240.1,1
240.2,1
240.3,2
241.0,5
241.2,1
241.3,1
241.4,1
241.5,2
241.7,1
242.0,2
242.5,1
242.6,1
243.0,3
243.3,1
243.6,1
243.8,1
244.0,1
244.5,1
244.8,1
245.0,1
246.0,2
246.2,1
247.0,4
247.4,1
247.7,1
247.8,1
248.0,2
248.3,1
248.6,1
249.0,2
249.5,1
249.7,1
250.0,4
250.3,1
251.0,3
251.1,2
251.8,1
252.1,1
252.2,2
252.3,1
252.7,1
253.0,2
253.1,1
254.2,1
254.3,1
254.6,1
255.0,1
255.3,1
255.6,1
256.2,1
257.0,3
257.1,1
257.9,1
258.0,1
258.1,1
258.2,1
258.3,1
258.5,1
258.6,1
259.0,2
259.1,1
260.0,2
260.1,1
260.2,1
260.3,1
260.9,1
261.0,1
261.2,1
261.7,1
262.0,1
262.4,1
262.6,1
263.9,1
264.0,1
264.3,2
264.5,1
264.6,1
265.0,2
265.2,1
265.3,1
265.4,1
265.7,1
265.8,1
265.9,1
266.0,3
266.3,1
266.6,1
267.0,3
267.5,1
268.0,3
268.8,1
268.9,1
269.0,2
270.0,1
270.2,1
271.0,6
271.2,1
271.4,1
271.7,2
272.0,3
272.6,1
272.7,2
273.0,2
273.1,1
273.6,1
273.7,1
273.9,1
274.0,2
274.5,1
275.0,3
276.0,3
276.1,1
276.8,2
277.1,1
278.0,5
278.4,4
278.7,1
278.8,1
279.0,1
279.2,1
279.9,1
280.0,1
280.5,2
280.8,1
281.0,1
281.3,1
281.4,2
282.4,2
282.5,1
283.0,1
283.1,1
283.2,2
283.4,1
284.0,4
284.1,2
284.6,1
284.8,1
286.0,4
286.5,1
286.7,1
286.9,1
287.4,2
288.0,2
288.8,1
289.0,2
289.3,1
289.5,1
290.0,1
290.4,2
290.6,1
290.7,1
290.8,1
291.3,1
292.0,2
292.3,2
292.5,1
293.0,2
293.6,1
294.0,2
294.1,1
294.3,1
294.6,1
295.0,3
295.4,1
295.7,1
295.9,1
296.6,2
296.8,1
297.1,1
298.1,1
298.5,1
299.1,1
300.0,1
300.2,3
300.5,1
300.6,1
300.7,1
300.8,1
301.5,1
301.6,1
302.0,1
302.2,1
302.6,1
303.0,1
303.4,1
304.1,1
304.7,1
304.9,1
305.1,1
305.2,2
305.5,2
305.6,1
305.7,1
305.8,1
306.0,1
306.5,1
307.0,3
307.5,1
308.4,1
308.5,1
309.0,1
310.0,2
310.2,1
311.2,1
311.9,1
313.4,1
313.7,1
314.0,1
314.1,1
314.6,1
314.7,1
315.0,1
315.1,1
315.3,1
315.9,1
316.0,7
316.2,1
316.7,1
317.0,3
317.6,1
318.0,2
319.0,2
319.5,1
320.2,1
320.3,1
320.5,1
320.9,1
321.0,1
321.1,1
321.9,1
322.2,2
322.3,1
322.4,1
322.7,1
323.0,2
323.7,1
324.1,1
324.4,1
325.5,1
326.0,1
326.1,1
326.2,1
326.5,1
326.9,1
327.0,3
327.4,1
327.8,1
328.0,4
328.4,1
328.9,1
329.0,2
329.1,1
329.2,1
330.0,2
330.1,1
330.4,1
331.0,2
332.0,3
332.8,1
332.9,1
333.0,3
333.1,1
333.3,1
333.4,1
333.8,1
333.9,1
335.0,2
335.5,1
336.0,1
336.6,2
336.7,2
337.3,1
337.9,1
338.1,1
338.9,1
339.0,3
339.1,1
340.2,1
341.0,2
341.9,1
342.0,2
342.3,1
342.4,1
343.0,1
343.1,1
344.0,3
344.2,1
344.5,1
345.0,1
345.6,1
346.0,1
346.9,1
347.0,2
347.4,1
347.5,1
347.6,1
348.0,1
348.8,1
349.3,2
349.6,1
350.2,1
352.0,1
352.4,1
352.5,1
352.7,1
353.0,1
353.2,1
353.6,1
353.7,1
353.9,1
354.0,1
354.1,1
354.4,1
354.6,1
355.0,1
355.3,2
356.1,1
356.3,2
357.0,1
357.5,1
357.8,1
358.0,1
358.1,1
359.0,2
359.7,1
360.0,2
360.8,2
361.0,4
361.4,1
361.6,1
362.0,1
362.8,1
363.0,1
363.3,1
363.4,1
363.6,1
364.0,1
364.2,1
364.8,1
364.9,1
365.0,3
366.0,3
366.5,1
366.6,1
367.0,3
367.1,1
367.9,1
368.0,1
368.2,1
368.7,1
369.0,1
369.6,1
370.0,1
371.6,1
372.0,2
372.7,1
374.0,1
374.3,2
374.4,1
374.8,1
375.0,3
375.6,1
375.7,1
376.1,1
376.9,1
377.0,1
377.7,1
378.0,1
379.0,2
379.4,2
379.5,2
380.0,1
380.1,1
380.3,2
381.0,3
382.0,1
382.9,2
383.0,3
383.5,1
383.6,1
384.2,1
384.7,1
385.1,1
385.2,2
386.1,1
386.2,1
387.0,1
387.3,1
387.5,1
388.0,3
388.3,1
388.4,1
388.5,1
388.6,1
389.0,2
389.1,1
389.3,1
389.7,1
389.9,1
390.0,1
390.1,2
390.5,1
390.6,1
391.0,1
391.4,2
391.5,1
392.0,2
392.2,1
392.7,1
393.0,4
393.7,1
394.0,1
395.0,1
395.1,1
395.3,1
395.6,1
396.0,2
396.6,1
397.2,1
397.5,1
397.6,1
397.7,1
398.0,2
398.2,2
398.4,1
398.5,1
399.0,1
399.5,1
399.7,1
400.0,1
400.4,1
401.0,1
401.2,1
401.6,1
401.8,1
403.0,2
403.2,1
403.3,1
403.5,1
403.8,1
404.2,1
404.9,1
406.0,1
406.9,1
407.0,1
407.2,1
407.3,1
407.5,1
407.9,1
408.0,2
408.3,1
409.0,1
410.0,1
410.1,1
410.2,1
410.6,1
411.0,2
411.4,1
411.6,1
412.0,1
412.7,1
412.8,1
413.0,3
413.1,1
413.2,1
413.9,1
414.0,1
414.6,1
415.0,1
416.8,1
417.0,2
417.7,1
418.0,2
418.2,1
418.5,1
418.7,1
419.0,1
419.9,1
420.0,2
420.1,1
420.5,1
421.0,1
421.5,1
421.7,1
422.0,2
422.1,1
422.6,1
423.0,2
423.3,1
423.5,2
423.7,1
424.8,1
424.9,2
425.0,1
425.1,1
425.5,1
426.0,2
426.2,1
426.9,1
427.0,2
427.1,1
427.6,1
427.8,1
427.9,1
428.2,1
428.4,1
429.3,1
430.8,1
431.0,1
432.0,2
432.3,1
432.5,1
432.7,1
432.9,1
433.5,1
434.2,1
434.5,1
434.7,1
434.9,1
435.0,2
435.3,1
435.4,1
435.7,1
435.8,1
436.0,2
437.3,2
437.9,1
438.2,1
439.0,1
439.1,1
439.9,1
440.0,1
440.1,1
440.7,1
443.3,1
443.6,1
443.9,1
445.0,1
445.1,1
445.5,1
445.8,1
446.1,1
446.7,1
446.8,1
446.9,1
447.0,1
448.0,1
448.5,1
449.8,1
451.0,1
451.1,1
451.7,1
452.0,4
452.5,1
452.9,1
454.0,2
455.0,1
455.6,1
456.0,1
457.0,1
457.9,1
458.0,2
458.9,1
459.8,1
461.0,1
461.3,1
461.5,1
461.9,2
462.0,2
462.2,1
462.6,1
462.8,1
463.4,1
463.6,1
463.8,1
465.0,2
465.1,2
465.3,1
466.0,1
466.5,1
467.0,1
467.5,1
467.8,1
468.0,1
468.4,1
468.8,1
469.0,1
469.4,1
469.6,1
470.0,1
470.7,1
471.0,2
472.3,1
472.4,1
473.0,1
473.8,1
474.0,2
474.4,1
474.6,1
474.8,1
475.5,1
476.0,1
476.2,1
476.8,1
477.0,2
477.3,1
477.4,1
477.7,1
478.0,1
478.4,1
478.6,1
479.0,1
479.3,1
480.3,1
481.0,1
481.1,1
481.9,1
482.0,1
482.4,1
483.0,1
483.7,1
484.0,1
484.2,1
485.9,2
486.0,1
486.4,1
488.0,1
489.0,1
489.2,1
489.3,2
489.4,1
490.2,1
491.0,3
491.1,1
492.0,1
492.6,1
492.7,2
493.1,1
493.6,1
494.0,3
494.8,1
495.0,1
495.6,1
496.0,1
498.0,1
498.3,2
498.4,1
498.8,1
499.0,1
499.1,1
499.4,1
499.8,1
500.0,1
500.6,1
501.0,1
501.4,1
501.5,1
501.7,1
502.0,1
503.0,3
503.5,1
503.7,1
503.8,1
505.0,2
505.1,1
505.2,1
505.3,1
505.4,2
505.7,1
506.0,1
506.3,1
506.8,1
507.0,1
507.2,1
507.7,1
508.8,1
509.1,1
509.6,1
510.1,1
510.3,1
510.7,1
511.2,1
511.6,2
512.6,1
513.0,4
513.3,1
514.0,2
514.8,3
515.0,1
515.1,1
515.2,2
515.9,1
517.1,1
518.7,1
519.0,1
519.6,1
520.0,1
520.8,1
521.9,1
522.0,2
522.3,1
522.5,1
523.0,1
523.3,1
524.4,1
524.5,1
525.5,1
525.8,1
526.6,1
527.0,1
527.4,1
527.5,1
528.1,1
529.0,1
529.5,2
529.9,1
530.4,1
530.6,1
531.0,1
531.6,1
533.0,2
533.6,1
534.5,1
534.7,1
535.4,1
535.9,1
536.0,1
536.8,1
537.5,1
538.2,1
539.0,2
539.5,1
541.0,4
541.1,1
542.0,2
542.3,1
543.1,1
543.6,1
544.3,1
545.7,1
546.0,3
546.4,2
548.0,1
549.5,1
549.9,1
550.0,1
550.5,1
550.7,1
551.0,1
551.4,1
552.3,1
552.4,1
552.7,1
553.0,1
553.9,1
554.0,1
554.3,1
555.0,1
555.6,1
557.2,1
557.3,1
558.5,1
558.7,1
559.6,1
559.7,1
560.0,1
560.9,1
561.1,1
561.8,1
562.3,1
563.0,1
564.0,2
564.1,1
564.8,1
568.3,1
568.5,1
569.0,1
569.1,1
570.0,3
570.6,1
571.1,1
572.0,1
573.8,1
574.0,1
575.4,1
576.0,1
576.5,1
577.9,1
578.3,1
578.5,1
578.7,1
579.2,2
579.3,1
579.5,1
579.6,1
580.0,1
581.3,1
581.7,1
582.0,1
584.1,1
584.9,1
585.0,2
586.4,1
586.9,2
587.0,2
587.6,1
589.6,1
590.2,1
591.0,1
591.2,1
592.0,3
592.8,1
594.0,1
594.2,1
594.8,1
595.7,1
595.8,1
596.4,1
597.1,1
598.0,1
598.3,1
598.4,1
598.6,1
599.3,1
599.6,1
601.0,2
601.4,1
602.8,1
602.9,1
603.0,1
603.5,1
604.0,1
605.3,2
605.6,1
606.6,1
607.0,1
608.1,1
609.1,1
612.4,1
612.7,1
613.1,1
614.5,1
614.6,1
615.1,1
616.0,1
616.5,2
617.2,1
617.5,1
618.3,1
619.0,1
620.6,2
621.0,1
621.9,1
622.3,1
622.4,1
622.9,1
623.7,1
624.0,1
624.9,1
625.6,1
626.0,1
627.0,1
627.3,1
628.0,1
628.5,1
631.3,1
631.9,1
632.0,1
632.6,1
634.0,1
634.3,2
634.5,1
635.3,1
637.5,1
637.7,1
638.2,1
638.4,1
638.8,1
640.2,2
641.0,1
641.6,1
642.0,1
643.0,1
643.1,1
644.0,1
644.8,1
645.0,1
646.4,1
646.9,1
647.0,1
647.4,1
647.5,1
647.7,1
648.0,1
648.7,1
648.9,1
650.0,1
650.1,1
650.7,1
653.9,1
654.0,2
656.5,1
657.2,1
658.3,1
659.0,1
659.1,1
659.4,1
659.6,1
660.0,1
660.1,1
660.4,1
660.6,1
661.3,1
661.9,1
662.9,1
663.0,1
663.8,1
664.0,2
664.8,1
664.9,1
665.0,1
667.2,1
667.4,1
667.6,1
667.8,1
668.3,1
668.4,1
669.2,1
670.3,1
671.0,2
671.4,1
672.7,2
673.0,1
673.5,2
673.6,1
676.5,1
676.6,1
677.0,1
677.1,1
677.4,1
678.0,2
678.7,1
679.0,1
679.7,1
680.7,1
681.6,1
682.7,1
683.1,1
683.4,1
683.5,1
683.6,1
684.8,1
684.9,1
687.0,2
687.1,1
687.2,1
687.5,1
689.9,1
690.0,1
690.2,1
691.0,2
691.4,1
691.5,1
692.0,1
692.4,1
692.7,1
693.5,1
693.7,1
694.0,1
695.7,1
695.9,1
696.1,1
696.4,1
697.0,1
698.0,1
699.0,3
700.0,1
701.0,1
701.1,1
703.2,1
705.2,1
705.5,1
706.0,1
706.2,1
707.5,1
708.0,1
708.9,1
709.1,1
709.3,1
709.5,1
710.0,2
710.3,1
711.0,1
711.7,1
712.0,1
712.9,1
714.0,1
715.1,1
715.2,1
716.5,1
716.7,1
716.9,1
717.0,1
717.8,1
719.0,1
719.3,1
720.4,1
721.2,1
721.8,1
722.0,1
723.0,1
725.0,1
725.6,1
726.9,1
728.0,1
728.7,1
729.0,3
729.4,1
730.5,1
731.0,2
732.0,1
732.6,1
733.5,1
735.5,1
737.0,1
740.0,1
740.4,2
741.6,1
741.8,1
742.0,1
742.1,1
742.6,1
743.0,3
743.1,1
745.0,1
746.2,1
746.3,2
746.4,1
747.0,1
747.4,1
749.0,1
749.8,1
749.9,1
750.7,1
750.9,1
752.0,1
752.6,1
756.9,1
757.0,1
758.0,1
759.7,1
760.0,2
761.4,1
761.6,1
761.7,1
762.6,1
763.9,1
764.0,1
766.0,1
766.2,1
769.5,1
769.6,1
769.7,1
770.2,1
771.7,1
772.0,1
774.9,1
775.0,1
775.6,1
776.3,1
777.1,1
777.9,1
779.4,1
779.6,1
780.0,1
780.1,1
780.5,1
781.4,1
782.4,1
783.6,1
784.3,1
784.4,1
787.0,1
787.2,1
787.8,1
788.1,1
789.3,1
789.7,1
794.1,1
794.4,1
796.0,2
797.9,1
798.1,1
798.4,1
798.7,1
799.2,1
799.8,1
800.0,1
800.5,1
801.0,1
802.6,1
803.3,1
804.8,1
805.0,1
805.1,1
805.3,1
806.0,1
807.0,2
807.8,1
807.9,1
808.3,1
809.0,1
809.6,1
810.4,1
811.0,2
811.6,1
812.0,1
812.1,1
812.8,1
814.2,1
814.3,1
814.8,1
814.9,1
815.0,1
816.0,4
820.0,1
820.9,1
822.6,1
824.2,1
824.4,1
825.0,2
825.7,1
825.8,1
825.9,1
826.3,2
828.0,1
828.1,2
828.8,1
828.9,1
829.1,1
829.3,1
831.4,1
832.8,1
833.0,1
833.1,1
834.1,1
835.0,1
835.6,1
836.3,2
841.0,1
841.9,1
842.5,1
842.8,1
844.5,1
845.0,2
845.1,1
845.7,1
846.9,1
847.2,1
847.3,1
848.0,2
848.8,2
849.2,1
850.0,1
850.7,1
851.0,1
852.1,1
852.6,1
855.2,1
856.0,1
857.0,1
858.8,1
860.6,2
861.5,1
864.3,1
865.0,2
867.5,1
868.2,1
868.4,1
869.0,1
870.1,1
870.6,1
871.1,1
871.8,2
872.1,1
873.6,1
874.1,1
874.4,1
875.5,1
875.6,1
876.4,1
876.6,1
877.0,2
879.0,1
879.6,1
880.4,1
881.0,2
881.4,1
881.6,1
882.0,1
882.5,1
883.9,1
885.8,1
886.4,1
886.8,1
887.1,1
887.9,1
888.7,1
889.1,1
889.2,1
891.0,1
891.4,1
892.0,1
892.9,1
893.3,1
895.0,2
895.4,1
896.6,1
899.4,1
900.0,3
901.0,1
901.5,1
903.0,2
904.6,1
905.1,1
908.0,1
908.2,1
908.4,1
908.5,1
909.8,1
910.0,1
913.1,1
913.6,1
915.0,2
916.0,1
919.0,1
919.1,1
919.4,1
920.2,1
920.4,1
921.8,1
922.3,1
923.0,1
923.1,1
924.2,1
924.7,1
925.0,1
925.3,1
926.5,1
927.0,1
927.2,1
928.3,1
930.9,1
933.7,1
940.2,1
940.5,1
946.8,1
946.9,1
947.1,1
948.6,1
949.0,1
950.9,1
952.0,1
955.0,1
955.7,1
956.0,1
957.8,1
959.0,1
959.3,1
960.0,1
960.5,1
961.4,1
963.2,1
964.0,1
964.9,1
968.1,1
968.6,1
969.0,1
969.1,1
969.3,1
969.5,1
971.0,1
972.0,2
974.0,1
974.2,1
977.0,1
977.5,1
979.1,1
981.5,1
982.0,2
983.1,1
985.2,1
985.5,1
985.7,1
989.0,1
989.1,1
990.5,1
992.3,1
994.0,1
996.0,2
997.0,1
997.1,1
997.2,1
998.3,1
999.4,1
999.8,1
1000.1,1
1002.0,2
1002.1,1
1004.1,1
1005.0,1
1009.8,1
1010.0,1
1010.6,1
1010.9,1
1011.0,1
1011.4,1
1011.8,1
1014.5,1
1017.0,1
1018.2,1
1019.0,1
1019.3,1
1021.8,1
1025.1,1
1025.9,1
1026.0,1
1026.7,1
1027.4,1
1028.0,2
1028.4,1
1028.8,1
1029.0,1
1029.1,2
1029.5,1
1037.5,1
1039.4,1
1040.5,1
1040.9,1
1044.0,1
1044.6,1
1045.0,1
1054.0,1
1054.8,1
1055.0,1
1055.1,1
1055.4,1
1057.0,1
1059.3,1
1060.1,1
1061.2,1
1062.5,1
1063.9,1
1065.2,1
1065.6,1
1069.0,1
1069.7,1
1069.9,1
1072.2,1
1073.7,1
1075.6,1
1076.0,1
1078.0,1
1078.2,1
1079.0,2
1079.5,1
1085.0,1
1085.5,1
1085.9,1
1087.8,1
1089.0,1
1090.0,1
1090.6,1
1091.1,1
1093.0,1
1093.1,1
1093.2,1
1095.0,1
1099.1,1
1102.0,2
1103.0,1
1105.1,1
1106.0,1
1106.8,1
1107.1,1
1107.3,1
1107.8,1
1108.7,1
1109.9,1
1110.7,1
1111.0,1
1112.9,1
1113.0,1
1115.0,1
1115.8,1
1119.1,1
1120.3,1
1121.0,1
1122.6,1
1123.8,1
1126.0,1
1129.0,1
1131.0,1
1131.2,1
1131.5,1
1133.1,1
1133.3,1
1134.0,1
1136.7,1
1137.0,1
1137.7,1
1138.0,1
1138.9,1
1140.9,1
1141.1,1
1141.2,1
1141.4,1
1143.5,1
1144.0,1
1144.5,1
1145.0,1
1145.6,1
1146.0,1
1147.2,1
1147.5,1
1148.5,1
1149.3,1
1150.4,2
1151.0,1
1152.9,1
1154.0,1
1155.0,2
1156.0,1
1156.4,1
1159.7,1
1162.4,1
1162.8,1
1163.2,1
1164.0,1
1164.7,1
1166.4,1
1166.5,1
1167.4,1
1168.0,1
1171.8,1
1173.5,1
1173.7,1
1174.0,2
1175.8,1
1176.7,1
1177.0,1
1180.7,1
1180.9,1
1181.9,1
1185.8,2
1186.4,1
1186.9,1
1189.7,1
1193.0,1
1198.2,1
1199.5,1
1199.7,1
1200.9,1
1201.3,1
1203.2,1
1203.3,1
1204.1,1
1205.5,2
1205.6,1
1207.0,1
1207.7,1
1207.9,1
1211.0,1
1211.9,1
1212.0,1
1213.0,1
1213.1,1
1215.2,1
1216.0,1
1216.5,1
1218.6,1
1219.0,1
1219.7,1
1222.0,1
1222.3,1
1224.1,1
1224.3,1
1227.0,1
1227.2,1
1228.2,1
1228.3,1
1231.8,1
1233.0,1
1233.2,1
1233.7,1
1234.0,1
1236.0,1
1238.5,1
1238.6,1
1238.9,1
1239.3,1
1239.5,1
1241.8,1
1243.5,1
1244.1,1
1244.3,1
1246.0,2
1246.8,1
1247.0,1
1252.7,1
1256.0,1
1257.3,1
1262.0,1
1263.8,1
1265.9,2
1266.0,1
1266.1,1
1267.8,1
1268.0,1
1269.1,1
1270.1,1
1270.8,1
1273.3,1
1273.9,1
1274.7,1
1276.7,1
1277.1,1
1278.3,1
1278.8,1
1284.0,1
1285.0,1
1285.5,1
1285.9,1
1286.0,1
1286.3,1
1288.9,1
1291.1,1
1291.3,1
1292.4,1
1295.8,1
1298.0,1
1298.8,1
1299.0,1
1300.0,1
1300.3,1
1301.0,1
1302.8,1
1304.8,1
1307.2,1
1308.0,1
1308.8,1
1309.0,1
1309.8,1
1310.5,1
1312.6,1
1314.7,1
1315.2,1
1316.7,1
1317.6,1
1317.8,1
1320.8,1
1322.2,1
1323.0,2
1323.9,1
1326.5,1
1326.8,1
1327.5,1
1328.0,1
1329.0,1
1332.2,1
1332.4,1
1333.0,1
1333.2,1
1333.8,1
1335.0,1
1338.0,1
1340.1,1
1344.0,1
1346.4,1
1353.5,1
1361.0,1
1365.6,1
1367.0,1
1368.0,2
1368.9,2
1369.2,1
1369.6,1
1371.9,1
1372.8,1
1373.6,1
1374.9,1
1376.0,1
1376.4,1
1377.3,1
1377.5,1
1377.8,1
1377.9,1
1378.3,1
1379.0,1
1380.5,1
1380.9,1
1386.0,1
1386.2,1
1394.3,1
1394.7,1
1395.0,1
1395.5,1
1396.2,1
1396.3,1
1396.6,1
1398.4,1
1399.9,1
1407.6,1
1409.0,1
1410.1,1
1411.8,2
1412.0,1
1415.2,1
1415.8,1
1420.0,1
1421.9,1
1423.0,1
1423.4,1
1424.5,1
1425.5,1
1425.7,1
1426.0,1
1427.6,1
1428.0,1
1429.3,1
1431.9,1
1433.9,1
1434.8,1
1438.0,1
1440.0,1
1441.0,1
1443.2,1
1443.6,1
1445.0,3
1447.3,1
1451.6,1
1452.5,1
1453.0,1
1453.8,1
1456.0,2
1457.0,2
1459.3,1
1459.8,1
1460.2,1
1460.8,1
1460.9,1
1462.3,1
1462.5,1
1463.0,1
1467.0,1
1468.8,1
1469.1,1
1470.4,1
1470.9,1
1472.3,1
1476.9,1
1478.0,1
1486.0,1
1486.4,1
1487.2,1
1492.0,1
1492.5,1
1493.5,1
1494.7,1
1497.0,2
1498.3,1
1499.0,1
1499.6,1
1505.0,1
1509.8,1
1510.0,1
1511.5,1
1513.7,2
1516.9,1
1517.9,1
1518.5,1
1519.6,1
1522.0,1
1523.1,1
1524.4,1
1526.7,1
1528.5,1
1531.1,1
1531.3,1
1531.6,1
1534.0,1
1534.7,1
1536.6,1
1537.0,1
1539.1,1
1540.8,1
1543.1,1
1544.0,1
1545.0,1
1547.9,1
1548.9,1
1557.6,1
1559.0,2
1564.0,1
1565.9,1
1567.2,1
1568.0,1
1569.2,1
1575.1,1
1577.0,1
1581.9,1
1583.0,1
1587.9,1
1591.8,1
1592.0,1
1596.7,1
1598.4,1
1599.3,1
1601.2,1
1601.7,1
1602.1,1
1604.0,1
1605.0,1
1608.2,1
1609.1,1
1613.8,1
1614.0,1
1617.7,1
1617.9,1
1621.6,1
1623.0,1
1629.0,1
1635.0,1
1635.7,1
1637.7,1
1637.8,1
1646.9,1
1648.6,1
1651.9,1
1653.1,1
1655.0,1
1656.5,1
1660.7,1
1669.7,1
1673.4,1
1673.7,1
1678.2,1
1679.8,1
1683.0,1
1685.3,1
1687.0,1
1687.4,1
1691.0,1
1697.0,1
1698.3,1
1698.9,1
1699.8,1
1701.0,1
1701.3,1
1702.0,1
1708.7,1
1714.0,1
1714.6,1
1716.4,1
1719.0,1
1719.3,1
1720.2,1
1720.6,1
1722.3,1
1723.2,1
1726.1,1
1729.3,1
1734.0,1
1738.3,1
1739.6,1
1742.8,1
1743.8,1
1746.8,1
1747.0,2
1748.2,1
1748.4,1
1748.5,1
1748.7,1
1748.9,1
1750.0,1
1754.3,1
1756.2,1
1756.3,1
1756.7,1
1758.0,1
1760.0,1
1761.0,1
1762.0,1
1766.1,1
1773.2,1
1775.0,1
1775.7,1
1781.1,1
1781.6,1
1786.0,1
1789.5,1
1790.7,1
1791.9,1
1792.4,1
1794.5,1
1794.6,1
1794.8,1
1796.6,1
1797.0,1
1802.5,1
1803.5,1
1807.0,1
1807.5,1
1808.6,1
1811.9,1
1812.1,1
1814.6,1
1815.8,1
1819.0,1
1826.3,1
1829.0,1
1832.1,1
1837.8,1
1843.8,1
1845.4,1
1851.0,1
1851.4,1
1854.0,1
1855.8,1
1857.5,1
1859.0,1
1859.5,1
1860.5,1
1865.1,1
1865.3,1
1868.2,1
1869.0,1
1875.8,1
1877.4,1
1878.0,1
1879.2,1
1881.5,1
1885.0,1
1887.4,1
1888.9,1
1892.1,1
1899.0,1
1903.4,1
1912.9,1
1916.0,1
1916.2,1
1925.9,1
1928.7,1
1933.9,1
1935.9,1
1947.8,1
1951.1,1
1951.4,1
1952.1,1
1956.1,1
1958.5,1
1961.5,1
1963.3,1
1965.2,1
1966.1,1
1970.9,1
1971.3,1
1973.1,1
1973.9,1
1976.0,1
1984.9,1
1986.6,1
1987.7,1
1988.5,1
1989.0,2
1996.0,1
2002.1,1
2006.6,1
2009.0,1
2013.8,1
2015.0,1
2016.7,1
2017.2,1
2022.1,1
2023.8,1
2025.0,1
2025.2,1
2025.4,1
2025.6,1
2030.1,1
2030.5,1
2034.0,1
2035.7,1
2038.8,1
2046.0,1
2046.3,1
2047.3,1
2048.3,1
2050.1,1
2055.0,1
2067.4,1
2070.6,2
2072.7,1
2073.3,1
2074.1,1
2075.9,1
2079.3,1
2080.6,1
2085.6,1
2086.0,1
2093.9,1
2094.0,1
2094.1,1
2094.2,1
2098.1,1
2101.5,1
2104.8,1
2119.1,1
2119.7,1
2122.0,1
2122.7,1
2122.9,1
2130.6,1
2131.3,1
2139.0,1
2144.7,1
2150.3,1
2152.0,1
2163.6,1
2164.2,1
2165.0,1
2169.4,1
2178.6,1
2178.8,1
2179.0,1
2181.1,1
2199.7,1
2201.4,1
2202.2,1
2205.3,1
2207.1,1
2209.0,1
2209.4,1
2210.1,2
2211.7,1
2212.9,1
2215.3,1
2219.4,1
2220.0,1
2222.7,1
2223.0,1
2223.1,1
2228.0,1
2234.0,1
2245.0,1
2248.2,1
2249.9,1
2270.2,1
2274.4,1
2278.8,1
2280.3,1
2288.1,1
2290.0,1
2290.3,1
2292.3,1
2292.4,1
2294.0,1
2297.8,1
2311.9,1
2312.0,1
2320.0,1
2334.5,1
2337.3,1
2351.7,1
2353.2,1
2375.5,1
2383.5,1
2389.8,1
2390.9,1
2391.2,1
2398.0,1
2401.1,1
2401.2,1
2403.0,1
2405.0,1
2406.4,1
2418.1,1
2422.1,1
2423.0,1
2436.1,1
2442.0,1
2443.1,1
2447.8,1
2451.0,1
2462.7,1
2463.8,1
2467.0,1
2470.0,1
2476.0,1
2483.1,1
2483.5,1
2485.5,1
2489.5,1
2500.1,1
2501.4,1
2502.0,1
2503.6,1
2514.0,1
2517.6,1
2521.1,1
2521.4,1
2531.6,1
2532.8,1
2539.9,1
2563.6,1
2564.4,1
2566.0,1
2567.7,1
2568.1,1
2575.0,1
2589.8,1
2591.4,1
2603.0,1
2605.6,1
2606.4,1
2609.0,1
2609.1,1
2609.9,1
2610.4,1
2617.9,1
2619.7,1
2620.0,1
2622.7,1
2633.9,1
2649.6,1
2663.6,1
2664.6,1
2666.3,1
2671.3,1
2681.0,1
2683.8,1
2686.1,1
2687.0,1
2691.4,1
2695.8,1
2696.3,1
2697.0,1
2700.0,1
2700.4,1
2702.6,1
2710.4,1
2721.1,1
2727.6,1
2728.0,1
2731.3,1
2738.9,1
2741.0,1
2744.5,1
2746.5,1
2748.6,1
2758.9,1
2766.2,1
2770.9,1
2773.7,1
2793.0,1
2796.6,1
2798.7,1
2799.1,1
2799.9,1
2800.1,1
2803.7,1
2807.5,1
2814.1,1
2815.8,1
2816.7,1
2824.3,1
2824.9,1
2826.2,1
2834.2,1
2836.0,1
2837.0,1
2845.6,1
2855.3,1
2859.3,1
2877.1,1
2883.1,1
2885.2,1
2889.0,1
2891.9,1
2895.2,1
2898.4,1
2903.0,1
2919.0,1
2948.7,1
2971.5,1
2973.1,1
2974.0,1
2976.5,1
2986.6,1
3008.2,1
3008.3,1
3010.0,1
3011.2,1
3013.4,1
3020.1,1
3035.2,1
3043.4,1
3047.0,1
3049.8,1
3049.9,1
3056.3,1
3061.7,1
3062.6,1
3062.8,1
3065.4,1
3101.3,1
3118.0,1
3134.1,1
3149.9,1
3161.2,1
3165.4,1
3175.2,1
3177.3,1
3180.6,1
3189.7,1
3200.9,1
3202.7,1
3212.4,1
3214.0,1
3214.9,1
3222.6,1
3227.3,1
3227.6,1
3232.9,1
3259.9,1
3271.9,1
3284.1,1
3291.7,1
3345.9,1
3346.3,1
3369.5,1
3382.2,1
3443.9,1
3453.5,1
3460.7,1
3485.4,1
3487.6,1
3490.3,1
3491.4,1
3499.7,1
3506.0,1
3508.8,1
3520.2,1
3520.5,1
3557.8,1
3568.8,1
3570.6,1
3584.3,1
3594.3,1
3602.6,1
3610.0,1
3625.9,1
3636.8,1
3672.0,1
3680.4,1
3699.3,1
3745.4,1
3749.3,1
3762.2,1
3772.5,1
3785.8,1
3790.0,1
3795.0,1
3812.1,1
3819.6,1
3826.2,1
3826.6,1
3843.1,1
3882.0,1
3909.8,1
3923.6,1
3927.9,1
3943.2,1
3960.1,1
3960.6,1
3980.0,1
4001.9,1
4013.1,1
4019.1,1
4043.4,1
4053.6,1
4057.9,1
4067.0,1
4068.3,1
4076.5,1
4082.3,1
4118.5,1
4175.7,1
4219.5,1
4221.9,1
4228.0,1
4246.8,1
4340.0,1
4360.7,1
4370.2,1
4375.8,1
4405.5,1
4468.9,1
4474.7,1
4483.9,1
4496.3,1
4496.4,1
4563.7,1
4583.3,1
4635.3,1
4672.8,1
4681.7,1
4686.8,1
4729.6,1
4764.1,1
4771.6,1
4785.0,1
4801.2,1
4810.0,1
4844.3,1
4849.5,1
4855.2,1
4876.7,1
4894.7,1
4916.2,1
4923.6,1
4937.3,1
4958.6,1
5030.4,1
5038.8,1
5052.9,1
5128.6,1
5144.1,1
5186.9,1
5191.6,1
5205.3,1
5229.0,1
5232.8,1
5240.8,1
5260.0,1
5297.8,1
5301.0,1
5316.4,1
5331.7,1
5346.8,1
5366.0,1
5384.3,1
5419.3,1
5459.2,1
5525.9,1
5534.8,1
5720.0,1
5724.8,1
5739.8,1
5776.3,1
5792.4,1
5808.8,1
5856.6,1
5866.0,1
5930.0,1
5982.0,1
6009.9,1
6074.1,1
6093.4,1
6094.3,1
6171.3,1
6312.7,1
6325.5,1
6356.0,1
6362.6,1
6470.0,1
6766.2,1
6827.2,1
6838.4,1
6887.0,1
6891.9,1
6929.9,1
7108.5,1
7152.1,1
7161.0,1
7190.4,1
7741.5,1
7801.9,1
7836.7,1
8137.1,1
8172.9,1
9417.6,1
9427.2,1
9546.3,1
9640.0,1
10470.1,1
10853.2,1
11651.7,1
11754.0,1
